<?xml version='1.0' encoding='utf-8'?>
<annotation>
  <source>
    <filename>P0001.tif</filename>
    <origin>GF2/GF3</origin>
  </source>
  <research>
    <version>4.0</version>
    <provider>Beijing Institute of Technology</provider>
    <author>理工大附小</author>
    <pluginname>Airplane Detection and Recognition in Optical Images</pluginname>
    <pluginclass>Detection</pluginclass>
    <time>2020-07-2020-11</time>
  </research>
  <objects>
    <object>
      <coordinate>pixel</coordinate>
      <type>rectangle</type>
      <description>None</description>
      <possibleresult>
        <name>ship</name>
        <probability>0</probability>
      </possibleresult>
      <points>
        <point>730,3076</point>
        <point>727,3049</point>
        <point>803,3044</point>
        <point>806,3073</point>
        <point>730,3076</point>
      </points>
    </object>
    <object>
      <coordinate>pixel</coordinate>
      <type>rectangle</type>
      <description>None</description>
      <possibleresult>
        <name>harbor</name>
        <probability>0</probability>
      </possibleresult>
      <points>
        <point>805,3074</point>
        <point>804,3095</point>
        <point>397,3088</point>
        <point>397,3070</point>
        <point>805,3074</point>
      </points>
    </object>
  </objects>
</annotation>
