<?xml version='1.0' encoding='utf-8'?>
<annotation>
  <source>
    <filename>P0000.tif</filename>
    <origin>GF2/GF3</origin>
  </source>
  <research>
    <version>4.0</version>
    <provider>Beijing Institute of Technology</provider>
    <author>理工大附小</author>
    <pluginname>Airplane Detection and Recognition in Optical Images</pluginname>
    <pluginclass>Detection</pluginclass>
    <time>2020-07-2020-11</time>
  </research>
  <objects>
    <object>
      <coordinate>pixel</coordinate>
      <type>rectangle</type>
      <description>None</description>
      <possibleresult>
        <name>plane</name>
        <probability>0</probability>
      </possibleresult>
      <points>
        <point>2753,2408</point>
        <point>2861,2385</point>
        <point>2888,2468</point>
        <point>2805,2502</point>
        <point>2753,2408</point>
      </points>
    </object>
    <object>
      <coordinate>pixel</coordinate>
      <type>rectangle</type>
      <description>None</description>
      <possibleresult>
        <name>large-vehicle</name>
        <probability>0</probability>
      </possibleresult>
      <points>
        <point>3445,3391</point>
        <point>3484,3409</point>
        <point>3478,3422</point>
        <point>3437,3402</point>
        <point>3445,3391</point>
      </points>
    </object>
    <object>
      <coordinate>pixel</coordinate>
      <type>rectangle</type>
      <description>None</description>
      <possibleresult>
        <name>large-vehicle</name>
        <probability>0</probability>
      </possibleresult>
      <points>
        <point>3185,4158</point>
        <point>3195,4161</point>
        <point>3175,4204</point>
        <point>3164,4199</point>
        <point>3185,4158</point>
      </points>
    </object>
    <object>
      <coordinate>pixel</coordinate>
      <type>rectangle</type>
      <description>None</description>
      <possibleresult>
        <name>large-vehicle</name>
        <probability>0</probability>
      </possibleresult>
      <points>
        <point>2870,4250</point>
        <point>2916,4268</point>
        <point>2912,4283</point>
        <point>2866,4263</point>
        <point>2870,4250</point>
      </points>
    </object>
    <object>
      <coordinate>pixel</coordinate>
      <type>rectangle</type>
      <description>None</description>
      <possibleresult>
        <name>small-vehicle</name>
        <probability>0</probability>
      </possibleresult>
      <points>
        <point>630,1674</point>
        <point>628,1666</point>
        <point>640,1654</point>
        <point>644,1666</point>
        <point>630,1674</point>
      </points>
    </object>
    <object>
      <coordinate>pixel</coordinate>
      <type>rectangle</type>
      <description>None</description>
      <possibleresult>
        <name>small-vehicle</name>
        <probability>0</probability>
      </possibleresult>
      <points>
        <point>636,1713</point>
        <point>633,1706</point>
        <point>646,1698</point>
        <point>650,1706</point>
        <point>636,1713</point>
      </points>
    </object>
    <object>
      <coordinate>pixel</coordinate>
      <type>rectangle</type>
      <description>None</description>
      <possibleresult>
        <name>small-vehicle</name>
        <probability>0</probability>
      </possibleresult>
      <points>
        <point>717,76</point>
        <point>726,78</point>
        <point>722,95</point>
        <point>714,90</point>
        <point>717,76</point>
      </points>
    </object>
    <object>
      <coordinate>pixel</coordinate>
      <type>rectangle</type>
      <description>None</description>
      <possibleresult>
        <name>small-vehicle</name>
        <probability>0</probability>
      </possibleresult>
      <points>
        <point>737,82</point>
        <point>744,84</point>
        <point>739,101</point>
        <point>731,98</point>
        <point>737,82</point>
      </points>
    </object>
    <object>
      <coordinate>pixel</coordinate>
      <type>rectangle</type>
      <description>None</description>
      <possibleresult>
        <name>small-vehicle</name>
        <probability>1</probability>
      </possibleresult>
      <points>
        <point>658,242</point>
        <point>648,237</point>
        <point>657,222</point>
        <point>667,225</point>
        <point>658,242</point>
      </points>
    </object>
    <object>
      <coordinate>pixel</coordinate>
      <type>rectangle</type>
      <description>None</description>
      <possibleresult>
        <name>small-vehicle</name>
        <probability>0</probability>
      </possibleresult>
      <points>
        <point>735,122</point>
        <point>754,129</point>
        <point>750,136</point>
        <point>733,128</point>
        <point>735,122</point>
      </points>
    </object>
    <object>
      <coordinate>pixel</coordinate>
      <type>rectangle</type>
      <description>None</description>
      <possibleresult>
        <name>small-vehicle</name>
        <probability>0</probability>
      </possibleresult>
      <points>
        <point>773,137</point>
        <point>788,144</point>
        <point>784,151</point>
        <point>770,144</point>
        <point>773,137</point>
      </points>
    </object>
    <object>
      <coordinate>pixel</coordinate>
      <type>rectangle</type>
      <description>None</description>
      <possibleresult>
        <name>small-vehicle</name>
        <probability>0</probability>
      </possibleresult>
      <points>
        <point>809,153</point>
        <point>827,161</point>
        <point>823,168</point>
        <point>806,160</point>
        <point>809,153</point>
      </points>
    </object>
    <object>
      <coordinate>pixel</coordinate>
      <type>rectangle</type>
      <description>None</description>
      <possibleresult>
        <name>small-vehicle</name>
        <probability>0</probability>
      </possibleresult>
      <points>
        <point>696,122</point>
        <point>705,124</point>
        <point>697,141</point>
        <point>691,137</point>
        <point>696,122</point>
      </points>
    </object>
    <object>
      <coordinate>pixel</coordinate>
      <type>rectangle</type>
      <description>None</description>
      <possibleresult>
        <name>small-vehicle</name>
        <probability>0</probability>
      </possibleresult>
      <points>
        <point>707,126</point>
        <point>714,130</point>
        <point>706,145</point>
        <point>700,141</point>
        <point>707,126</point>
      </points>
    </object>
    <object>
      <coordinate>pixel</coordinate>
      <type>rectangle</type>
      <description>None</description>
      <possibleresult>
        <name>small-vehicle</name>
        <probability>1</probability>
      </possibleresult>
      <points>
        <point>711,140</point>
        <point>718,141</point>
        <point>712,157</point>
        <point>706,154</point>
        <point>711,140</point>
      </points>
    </object>
    <object>
      <coordinate>pixel</coordinate>
      <type>rectangle</type>
      <description>None</description>
      <possibleresult>
        <name>small-vehicle</name>
        <probability>0</probability>
      </possibleresult>
      <points>
        <point>924,113</point>
        <point>926,106</point>
        <point>945,115</point>
        <point>942,122</point>
        <point>924,113</point>
      </points>
    </object>
    <object>
      <coordinate>pixel</coordinate>
      <type>rectangle</type>
      <description>None</description>
      <possibleresult>
        <name>small-vehicle</name>
        <probability>1</probability>
      </possibleresult>
      <points>
        <point>935,95</point>
        <point>939,88</point>
        <point>955,97</point>
        <point>950,104</point>
        <point>935,95</point>
      </points>
    </object>
    <object>
      <coordinate>pixel</coordinate>
      <type>rectangle</type>
      <description>None</description>
      <possibleresult>
        <name>small-vehicle</name>
        <probability>0</probability>
      </possibleresult>
      <points>
        <point>856,282</point>
        <point>864,286</point>
        <point>856,303</point>
        <point>849,298</point>
        <point>856,282</point>
      </points>
    </object>
    <object>
      <coordinate>pixel</coordinate>
      <type>rectangle</type>
      <description>None</description>
      <possibleresult>
        <name>small-vehicle</name>
        <probability>0</probability>
      </possibleresult>
      <points>
        <point>640,310</point>
        <point>631,304</point>
        <point>639,290</point>
        <point>646,293</point>
        <point>640,310</point>
      </points>
    </object>
    <object>
      <coordinate>pixel</coordinate>
      <type>rectangle</type>
      <description>None</description>
      <possibleresult>
        <name>small-vehicle</name>
        <probability>1</probability>
      </possibleresult>
      <points>
        <point>612,341</point>
        <point>607,336</point>
        <point>613,324</point>
        <point>621,329</point>
        <point>612,341</point>
      </points>
    </object>
    <object>
      <coordinate>pixel</coordinate>
      <type>rectangle</type>
      <description>None</description>
      <possibleresult>
        <name>small-vehicle</name>
        <probability>1</probability>
      </possibleresult>
      <points>
        <point>628,303</point>
        <point>623,300</point>
        <point>628,287</point>
        <point>636,290</point>
        <point>628,303</point>
      </points>
    </object>
    <object>
      <coordinate>pixel</coordinate>
      <type>rectangle</type>
      <description>None</description>
      <possibleresult>
        <name>small-vehicle</name>
        <probability>0</probability>
      </possibleresult>
      <points>
        <point>791,349</point>
        <point>796,351</point>
        <point>789,367</point>
        <point>785,363</point>
        <point>791,349</point>
      </points>
    </object>
    <object>
      <coordinate>pixel</coordinate>
      <type>rectangle</type>
      <description>None</description>
      <possibleresult>
        <name>small-vehicle</name>
        <probability>1</probability>
      </possibleresult>
      <points>
        <point>799,354</point>
        <point>805,357</point>
        <point>799,370</point>
        <point>793,368</point>
        <point>799,354</point>
      </points>
    </object>
    <object>
      <coordinate>pixel</coordinate>
      <type>rectangle</type>
      <description>None</description>
      <possibleresult>
        <name>small-vehicle</name>
        <probability>1</probability>
      </possibleresult>
      <points>
        <point>823,361</point>
        <point>830,364</point>
        <point>823,376</point>
        <point>817,372</point>
        <point>823,361</point>
      </points>
    </object>
    <object>
      <coordinate>pixel</coordinate>
      <type>rectangle</type>
      <description>None</description>
      <possibleresult>
        <name>small-vehicle</name>
        <probability>1</probability>
      </possibleresult>
      <points>
        <point>896,1021</point>
        <point>903,1024</point>
        <point>898,1038</point>
        <point>891,1035</point>
        <point>896,1021</point>
      </points>
    </object>
    <object>
      <coordinate>pixel</coordinate>
      <type>rectangle</type>
      <description>None</description>
      <possibleresult>
        <name>large-vehicle</name>
        <probability>0</probability>
      </possibleresult>
      <points>
        <point>3347,3630</point>
        <point>3381,3647</point>
        <point>3373,3658</point>
        <point>3340,3640</point>
        <point>3347,3630</point>
      </points>
    </object>
    <object>
      <coordinate>pixel</coordinate>
      <type>rectangle</type>
      <description>None</description>
      <possibleresult>
        <name>large-vehicle</name>
        <probability>0</probability>
      </possibleresult>
      <points>
        <point>2763,2244</point>
        <point>2771,2240</point>
        <point>2789,2256</point>
        <point>2781,2263</point>
        <point>2763,2244</point>
      </points>
    </object>
    <object>
      <coordinate>pixel</coordinate>
      <type>rectangle</type>
      <description>None</description>
      <possibleresult>
        <name>small-vehicle</name>
        <probability>0</probability>
      </possibleresult>
      <points>
        <point>948,1068</point>
        <point>955,1069</point>
        <point>949,1086</point>
        <point>942,1084</point>
        <point>948,1068</point>
      </points>
    </object>
    <object>
      <coordinate>pixel</coordinate>
      <type>rectangle</type>
      <description>None</description>
      <possibleresult>
        <name>large-vehicle</name>
        <probability>0</probability>
      </possibleresult>
      <points>
        <point>3556,1208</point>
        <point>3566,1210</point>
        <point>3560,1233</point>
        <point>3550,1228</point>
        <point>3556,1208</point>
      </points>
    </object>
    <object>
      <coordinate>pixel</coordinate>
      <type>rectangle</type>
      <description>None</description>
      <possibleresult>
        <name>plane</name>
        <probability>0</probability>
      </possibleresult>
      <points>
        <point>683,4294</point>
        <point>734,4182</point>
        <point>864,4227</point>
        <point>820,4345</point>
        <point>683,4294</point>
      </points>
    </object>
    <object>
      <coordinate>pixel</coordinate>
      <type>rectangle</type>
      <description>None</description>
      <possibleresult>
        <name>plane</name>
        <probability>0</probability>
      </possibleresult>
      <points>
        <point>798,4027</point>
        <point>840,3915</point>
        <point>976,3966</point>
        <point>925,4082</point>
        <point>798,4027</point>
      </points>
    </object>
    <object>
      <coordinate>pixel</coordinate>
      <type>rectangle</type>
      <description>None</description>
      <possibleresult>
        <name>plane</name>
        <probability>0</probability>
      </possibleresult>
      <points>
        <point>925,3806</point>
        <point>1031,3742</point>
        <point>1106,3869</point>
        <point>1011,3929</point>
        <point>925,3806</point>
      </points>
    </object>
    <object>
      <coordinate>pixel</coordinate>
      <type>rectangle</type>
      <description>None</description>
      <possibleresult>
        <name>plane</name>
        <probability>0</probability>
      </possibleresult>
      <points>
        <point>1620,3987</point>
        <point>1640,4107</point>
        <point>1539,4131</point>
        <point>1509,4008</point>
        <point>1620,3987</point>
      </points>
    </object>
    <object>
      <coordinate>pixel</coordinate>
      <type>rectangle</type>
      <description>None</description>
      <possibleresult>
        <name>plane</name>
        <probability>0</probability>
      </possibleresult>
      <points>
        <point>1508,4536</point>
        <point>1453,4649</point>
        <point>1354,4609</point>
        <point>1404,4495</point>
        <point>1508,4536</point>
      </points>
    </object>
    <object>
      <coordinate>pixel</coordinate>
      <type>rectangle</type>
      <description>None</description>
      <possibleresult>
        <name>plane</name>
        <probability>0</probability>
      </possibleresult>
      <points>
        <point>2177,3406</point>
        <point>2221,3295</point>
        <point>2364,3352</point>
        <point>2309,3459</point>
        <point>2177,3406</point>
      </points>
    </object>
    <object>
      <coordinate>pixel</coordinate>
      <type>rectangle</type>
      <description>None</description>
      <possibleresult>
        <name>plane</name>
        <probability>0</probability>
      </possibleresult>
      <points>
        <point>2905,2293</point>
        <point>2955,2178</point>
        <point>3092,2233</point>
        <point>3038,2350</point>
        <point>2905,2293</point>
      </points>
    </object>
    <object>
      <coordinate>pixel</coordinate>
      <type>rectangle</type>
      <description>None</description>
      <possibleresult>
        <name>plane</name>
        <probability>0</probability>
      </possibleresult>
      <points>
        <point>3155,1916</point>
        <point>3202,1804</point>
        <point>3331,1861</point>
        <point>3281,1964</point>
        <point>3155,1916</point>
      </points>
    </object>
    <object>
      <coordinate>pixel</coordinate>
      <type>rectangle</type>
      <description>None</description>
      <possibleresult>
        <name>plane</name>
        <probability>0</probability>
      </possibleresult>
      <points>
        <point>3208,1778</point>
        <point>3253,1666</point>
        <point>3388,1721</point>
        <point>3335,1832</point>
        <point>3208,1778</point>
      </points>
    </object>
    <object>
      <coordinate>pixel</coordinate>
      <type>rectangle</type>
      <description>None</description>
      <possibleresult>
        <name>plane</name>
        <probability>0</probability>
      </possibleresult>
      <points>
        <point>2604,1759</point>
        <point>2496,1782</point>
        <point>2465,1644</point>
        <point>2571,1617</point>
        <point>2604,1759</point>
      </points>
    </object>
    <object>
      <coordinate>pixel</coordinate>
      <type>rectangle</type>
      <description>None</description>
      <possibleresult>
        <name>plane</name>
        <probability>0</probability>
      </possibleresult>
      <points>
        <point>2936,1082</point>
        <point>2887,1197</point>
        <point>2782,1152</point>
        <point>2835,1044</point>
        <point>2936,1082</point>
      </points>
    </object>
    <object>
      <coordinate>pixel</coordinate>
      <type>rectangle</type>
      <description>None</description>
      <possibleresult>
        <name>plane</name>
        <probability>0</probability>
      </possibleresult>
      <points>
        <point>2998,917</point>
        <point>2890,874</point>
        <point>2937,766</point>
        <point>3043,813</point>
        <point>2998,917</point>
      </points>
    </object>
    <object>
      <coordinate>pixel</coordinate>
      <type>rectangle</type>
      <description>None</description>
      <possibleresult>
        <name>plane</name>
        <probability>0</probability>
      </possibleresult>
      <points>
        <point>1932,1241</point>
        <point>1976,1138</point>
        <point>2113,1191</point>
        <point>2066,1303</point>
        <point>1932,1241</point>
      </points>
    </object>
    <object>
      <coordinate>pixel</coordinate>
      <type>rectangle</type>
      <description>None</description>
      <possibleresult>
        <name>plane</name>
        <probability>0</probability>
      </possibleresult>
      <points>
        <point>3040,4145</point>
        <point>2988,4250</point>
        <point>2866,4201</point>
        <point>2912,4091</point>
        <point>3040,4145</point>
      </points>
    </object>
    <object>
      <coordinate>pixel</coordinate>
      <type>rectangle</type>
      <description>None</description>
      <possibleresult>
        <name>plane</name>
        <probability>0</probability>
      </possibleresult>
      <points>
        <point>3234,3785</point>
        <point>3207,3849</point>
        <point>3120,3817</point>
        <point>3150,3748</point>
        <point>3234,3785</point>
      </points>
    </object>
    <object>
      <coordinate>pixel</coordinate>
      <type>rectangle</type>
      <description>None</description>
      <possibleresult>
        <name>plane</name>
        <probability>0</probability>
      </possibleresult>
      <points>
        <point>3347,3520</point>
        <point>3315,3585</point>
        <point>3231,3549</point>
        <point>3262,3483</point>
        <point>3347,3520</point>
      </points>
    </object>
    <object>
      <coordinate>pixel</coordinate>
      <type>rectangle</type>
      <description>None</description>
      <possibleresult>
        <name>plane</name>
        <probability>0</probability>
      </possibleresult>
      <points>
        <point>3458,3234</point>
        <point>3418,3334</point>
        <point>3340,3298</point>
        <point>3387,3206</point>
        <point>3458,3234</point>
      </points>
    </object>
    <object>
      <coordinate>pixel</coordinate>
      <type>rectangle</type>
      <description>None</description>
      <possibleresult>
        <name>plane</name>
        <probability>0</probability>
      </possibleresult>
      <points>
        <point>2686,3920</point>
        <point>2636,3806</point>
        <point>2765,3756</point>
        <point>2820,3866</point>
        <point>2686,3920</point>
      </points>
    </object>
    <object>
      <coordinate>pixel</coordinate>
      <type>rectangle</type>
      <description>None</description>
      <possibleresult>
        <name>large-vehicle</name>
        <probability>0</probability>
      </possibleresult>
      <points>
        <point>3565,1270</point>
        <point>3602,1262</point>
        <point>3608,1276</point>
        <point>3571,1285</point>
        <point>3565,1270</point>
      </points>
    </object>
    <object>
      <coordinate>pixel</coordinate>
      <type>rectangle</type>
      <description>None</description>
      <possibleresult>
        <name>large-vehicle</name>
        <probability>0</probability>
      </possibleresult>
      <points>
        <point>3598,1216</point>
        <point>3609,1219</point>
        <point>3597,1250</point>
        <point>3585,1246</point>
        <point>3598,1216</point>
      </points>
    </object>
    <object>
      <coordinate>pixel</coordinate>
      <type>rectangle</type>
      <description>None</description>
      <possibleresult>
        <name>large-vehicle</name>
        <probability>0</probability>
      </possibleresult>
      <points>
        <point>3582,1208</point>
        <point>3594,1214</point>
        <point>3581,1243</point>
        <point>3570,1235</point>
        <point>3582,1208</point>
      </points>
    </object>
    <object>
      <coordinate>pixel</coordinate>
      <type>rectangle</type>
      <description>None</description>
      <possibleresult>
        <name>large-vehicle</name>
        <probability>0</probability>
      </possibleresult>
      <points>
        <point>3530,1204</point>
        <point>3537,1206</point>
        <point>3529,1236</point>
        <point>3521,1230</point>
        <point>3530,1204</point>
      </points>
    </object>
    <object>
      <coordinate>pixel</coordinate>
      <type>rectangle</type>
      <description>None</description>
      <possibleresult>
        <name>large-vehicle</name>
        <probability>0</probability>
      </possibleresult>
      <points>
        <point>3540,1210</point>
        <point>3550,1215</point>
        <point>3543,1240</point>
        <point>3534,1236</point>
        <point>3540,1210</point>
      </points>
    </object>
    <object>
      <coordinate>pixel</coordinate>
      <type>rectangle</type>
      <description>None</description>
      <possibleresult>
        <name>small-vehicle</name>
        <probability>0</probability>
      </possibleresult>
      <points>
        <point>909,1053</point>
        <point>921,1040</point>
        <point>927,1047</point>
        <point>914,1059</point>
        <point>909,1053</point>
      </points>
    </object>
    <object>
      <coordinate>pixel</coordinate>
      <type>rectangle</type>
      <description>None</description>
      <possibleresult>
        <name>small-vehicle</name>
        <probability>1</probability>
      </possibleresult>
      <points>
        <point>936,1063</point>
        <point>943,1065</point>
        <point>939,1080</point>
        <point>932,1077</point>
        <point>936,1063</point>
      </points>
    </object>
    <object>
      <coordinate>pixel</coordinate>
      <type>rectangle</type>
      <description>None</description>
      <possibleresult>
        <name>plane</name>
        <probability>0</probability>
      </possibleresult>
      <points>
        <point>3625,2731</point>
        <point>3575,2855</point>
        <point>3461,2808</point>
        <point>3515,2690</point>
        <point>3625,2731</point>
      </points>
    </object>
    <object>
      <coordinate>pixel</coordinate>
      <type>rectangle</type>
      <description>None</description>
      <possibleresult>
        <name>small-vehicle</name>
        <probability>1</probability>
      </possibleresult>
      <points>
        <point>1494,1894</point>
        <point>1503,1892</point>
        <point>1506,1909</point>
        <point>1496,1911</point>
        <point>1494,1894</point>
      </points>
    </object>
    <object>
      <coordinate>pixel</coordinate>
      <type>rectangle</type>
      <description>None</description>
      <possibleresult>
        <name>small-vehicle</name>
        <probability>1</probability>
      </possibleresult>
      <points>
        <point>1491,2157</point>
        <point>1497,2164</point>
        <point>1488,2176</point>
        <point>1482,2172</point>
        <point>1491,2157</point>
      </points>
    </object>
    <object>
      <coordinate>pixel</coordinate>
      <type>rectangle</type>
      <description>None</description>
      <possibleresult>
        <name>small-vehicle</name>
        <probability>1</probability>
      </possibleresult>
      <points>
        <point>1461,1959</point>
        <point>1472,1957</point>
        <point>1471,1971</point>
        <point>1460,1972</point>
        <point>1461,1959</point>
      </points>
    </object>
    <object>
      <coordinate>pixel</coordinate>
      <type>rectangle</type>
      <description>None</description>
      <possibleresult>
        <name>small-vehicle</name>
        <probability>1</probability>
      </possibleresult>
      <points>
        <point>1453,1836</point>
        <point>1459,1834</point>
        <point>1465,1845</point>
        <point>1458,1848</point>
        <point>1453,1836</point>
      </points>
    </object>
    <object>
      <coordinate>pixel</coordinate>
      <type>rectangle</type>
      <description>None</description>
      <possibleresult>
        <name>small-vehicle</name>
        <probability>1</probability>
      </possibleresult>
      <points>
        <point>1493,2094</point>
        <point>1501,2097</point>
        <point>1497,2114</point>
        <point>1488,2111</point>
        <point>1493,2094</point>
      </points>
    </object>
    <object>
      <coordinate>pixel</coordinate>
      <type>rectangle</type>
      <description>None</description>
      <possibleresult>
        <name>small-vehicle</name>
        <probability>1</probability>
      </possibleresult>
      <points>
        <point>1464,2131</point>
        <point>1472,2133</point>
        <point>1470,2145</point>
        <point>1462,2143</point>
        <point>1464,2131</point>
      </points>
    </object>
    <object>
      <coordinate>pixel</coordinate>
      <type>rectangle</type>
      <description>None</description>
      <possibleresult>
        <name>small-vehicle</name>
        <probability>1</probability>
      </possibleresult>
      <points>
        <point>1053,3034</point>
        <point>1046,3027</point>
        <point>1057,3014</point>
        <point>1064,3020</point>
        <point>1053,3034</point>
      </points>
    </object>
    <object>
      <coordinate>pixel</coordinate>
      <type>rectangle</type>
      <description>None</description>
      <possibleresult>
        <name>small-vehicle</name>
        <probability>1</probability>
      </possibleresult>
      <points>
        <point>538,3459</point>
        <point>543,3452</point>
        <point>557,3459</point>
        <point>552,3467</point>
        <point>538,3459</point>
      </points>
    </object>
    <object>
      <coordinate>pixel</coordinate>
      <type>rectangle</type>
      <description>None</description>
      <possibleresult>
        <name>large-vehicle</name>
        <probability>0</probability>
      </possibleresult>
      <points>
        <point>859,3775</point>
        <point>867,3768</point>
        <point>879,3781</point>
        <point>871,3787</point>
        <point>859,3775</point>
      </points>
    </object>
    <object>
      <coordinate>pixel</coordinate>
      <type>rectangle</type>
      <description>None</description>
      <possibleresult>
        <name>large-vehicle</name>
        <probability>0</probability>
      </possibleresult>
      <points>
        <point>873,3759</point>
        <point>889,3772</point>
        <point>884,3777</point>
        <point>869,3765</point>
        <point>873,3759</point>
      </points>
    </object>
    <object>
      <coordinate>pixel</coordinate>
      <type>rectangle</type>
      <description>None</description>
      <possibleresult>
        <name>large-vehicle</name>
        <probability>0</probability>
      </possibleresult>
      <points>
        <point>876,3756</point>
        <point>883,3751</point>
        <point>896,3764</point>
        <point>890,3768</point>
        <point>876,3756</point>
      </points>
    </object>
    <object>
      <coordinate>pixel</coordinate>
      <type>rectangle</type>
      <description>None</description>
      <possibleresult>
        <name>large-vehicle</name>
        <probability>0</probability>
      </possibleresult>
      <points>
        <point>964,3687</point>
        <point>972,3681</point>
        <point>982,3699</point>
        <point>973,3706</point>
        <point>964,3687</point>
      </points>
    </object>
    <object>
      <coordinate>pixel</coordinate>
      <type>rectangle</type>
      <description>None</description>
      <possibleresult>
        <name>large-vehicle</name>
        <probability>0</probability>
      </possibleresult>
      <points>
        <point>974,3679</point>
        <point>984,3674</point>
        <point>996,3695</point>
        <point>987,3701</point>
        <point>974,3679</point>
      </points>
    </object>
    <object>
      <coordinate>pixel</coordinate>
      <type>rectangle</type>
      <description>None</description>
      <possibleresult>
        <name>large-vehicle</name>
        <probability>0</probability>
      </possibleresult>
      <points>
        <point>998,3669</point>
        <point>1007,3665</point>
        <point>1018,3685</point>
        <point>1008,3690</point>
        <point>998,3669</point>
      </points>
    </object>
    <object>
      <coordinate>pixel</coordinate>
      <type>rectangle</type>
      <description>None</description>
      <possibleresult>
        <name>large-vehicle</name>
        <probability>0</probability>
      </possibleresult>
      <points>
        <point>1131,3660</point>
        <point>1119,3658</point>
        <point>1120,3633</point>
        <point>1131,3632</point>
        <point>1131,3660</point>
      </points>
    </object>
    <object>
      <coordinate>pixel</coordinate>
      <type>rectangle</type>
      <description>None</description>
      <possibleresult>
        <name>large-vehicle</name>
        <probability>0</probability>
      </possibleresult>
      <points>
        <point>1594,3828</point>
        <point>1604,3833</point>
        <point>1593,3854</point>
        <point>1583,3848</point>
        <point>1594,3828</point>
      </points>
    </object>
    <object>
      <coordinate>pixel</coordinate>
      <type>rectangle</type>
      <description>None</description>
      <possibleresult>
        <name>large-vehicle</name>
        <probability>0</probability>
      </possibleresult>
      <points>
        <point>2252,2982</point>
        <point>2273,2990</point>
        <point>2269,2997</point>
        <point>2249,2989</point>
        <point>2252,2982</point>
      </points>
    </object>
    <object>
      <coordinate>pixel</coordinate>
      <type>rectangle</type>
      <description>None</description>
      <possibleresult>
        <name>large-vehicle</name>
        <probability>1</probability>
      </possibleresult>
      <points>
        <point>2249,2978</point>
        <point>2251,2968</point>
        <point>2278,2978</point>
        <point>2274,2987</point>
        <point>2249,2978</point>
      </points>
    </object>
    <object>
      <coordinate>pixel</coordinate>
      <type>rectangle</type>
      <description>None</description>
      <possibleresult>
        <name>large-vehicle</name>
        <probability>1</probability>
      </possibleresult>
      <points>
        <point>2253,2965</point>
        <point>2256,2956</point>
        <point>2284,2967</point>
        <point>2279,2976</point>
        <point>2253,2965</point>
      </points>
    </object>
    <object>
      <coordinate>pixel</coordinate>
      <type>rectangle</type>
      <description>None</description>
      <possibleresult>
        <name>large-vehicle</name>
        <probability>1</probability>
      </possibleresult>
      <points>
        <point>2085,3694</point>
        <point>2085,3684</point>
        <point>2121,3683</point>
        <point>2121,3695</point>
        <point>2085,3694</point>
      </points>
    </object>
    <object>
      <coordinate>pixel</coordinate>
      <type>rectangle</type>
      <description>None</description>
      <possibleresult>
        <name>large-vehicle</name>
        <probability>0</probability>
      </possibleresult>
      <points>
        <point>2099,3825</point>
        <point>2108,3824</point>
        <point>2109,3847</point>
        <point>2100,3847</point>
        <point>2099,3825</point>
      </points>
    </object>
    <object>
      <coordinate>pixel</coordinate>
      <type>rectangle</type>
      <description>None</description>
      <possibleresult>
        <name>small-vehicle</name>
        <probability>0</probability>
      </possibleresult>
      <points>
        <point>1069,1509</point>
        <point>1061,1504</point>
        <point>1068,1489</point>
        <point>1075,1492</point>
        <point>1069,1509</point>
      </points>
    </object>
    <object>
      <coordinate>pixel</coordinate>
      <type>rectangle</type>
      <description>None</description>
      <possibleresult>
        <name>small-vehicle</name>
        <probability>0</probability>
      </possibleresult>
      <points>
        <point>1098,1520</point>
        <point>1105,1517</point>
        <point>1113,1534</point>
        <point>1105,1536</point>
        <point>1098,1520</point>
      </points>
    </object>
    <object>
      <coordinate>pixel</coordinate>
      <type>rectangle</type>
      <description>None</description>
      <possibleresult>
        <name>small-vehicle</name>
        <probability>0</probability>
      </possibleresult>
      <points>
        <point>1098,1482</point>
        <point>1105,1484</point>
        <point>1102,1503</point>
        <point>1093,1501</point>
        <point>1098,1482</point>
      </points>
    </object>
    <object>
      <coordinate>pixel</coordinate>
      <type>rectangle</type>
      <description>None</description>
      <possibleresult>
        <name>small-vehicle</name>
        <probability>1</probability>
      </possibleresult>
      <points>
        <point>1478,1962</point>
        <point>1486,1961</point>
        <point>1486,1975</point>
        <point>1478,1975</point>
        <point>1478,1962</point>
      </points>
    </object>
    <object>
      <coordinate>pixel</coordinate>
      <type>rectangle</type>
      <description>None</description>
      <possibleresult>
        <name>small-vehicle</name>
        <probability>1</probability>
      </possibleresult>
      <points>
        <point>1498,1984</point>
        <point>1507,1983</point>
        <point>1508,1998</point>
        <point>1500,2000</point>
        <point>1498,1984</point>
      </points>
    </object>
    <object>
      <coordinate>pixel</coordinate>
      <type>rectangle</type>
      <description>None</description>
      <possibleresult>
        <name>large-vehicle</name>
        <probability>0</probability>
      </possibleresult>
      <points>
        <point>1426,1910</point>
        <point>1436,1907</point>
        <point>1439,1934</point>
        <point>1429,1935</point>
        <point>1426,1910</point>
      </points>
    </object>
    <object>
      <coordinate>pixel</coordinate>
      <type>rectangle</type>
      <description>None</description>
      <possibleresult>
        <name>small-vehicle</name>
        <probability>1</probability>
      </possibleresult>
      <points>
        <point>1496,1959</point>
        <point>1505,1958</point>
        <point>1507,1971</point>
        <point>1496,1973</point>
        <point>1496,1959</point>
      </points>
    </object>
    <object>
      <coordinate>pixel</coordinate>
      <type>rectangle</type>
      <description>None</description>
      <possibleresult>
        <name>small-vehicle</name>
        <probability>0</probability>
      </possibleresult>
      <points>
        <point>624,1692</point>
        <point>620,1684</point>
        <point>634,1675</point>
        <point>637,1682</point>
        <point>624,1692</point>
      </points>
    </object>
    <object>
      <coordinate>pixel</coordinate>
      <type>rectangle</type>
      <description>None</description>
      <possibleresult>
        <name>small-vehicle</name>
        <probability>0</probability>
      </possibleresult>
      <points>
        <point>425,1855</point>
        <point>424,1847</point>
        <point>441,1841</point>
        <point>442,1849</point>
        <point>425,1855</point>
      </points>
    </object>
    <object>
      <coordinate>pixel</coordinate>
      <type>rectangle</type>
      <description>None</description>
      <possibleresult>
        <name>small-vehicle</name>
        <probability>1</probability>
      </possibleresult>
      <points>
        <point>477,1852</point>
        <point>474,1846</point>
        <point>492,1836</point>
        <point>496,1844</point>
        <point>477,1852</point>
      </points>
    </object>
    <object>
      <coordinate>pixel</coordinate>
      <type>rectangle</type>
      <description>None</description>
      <possibleresult>
        <name>small-vehicle</name>
        <probability>1</probability>
      </possibleresult>
      <points>
        <point>384,1884</point>
        <point>383,1878</point>
        <point>396,1874</point>
        <point>398,1881</point>
        <point>384,1884</point>
      </points>
    </object>
    <object>
      <coordinate>pixel</coordinate>
      <type>rectangle</type>
      <description>None</description>
      <possibleresult>
        <name>small-vehicle</name>
        <probability>1</probability>
      </possibleresult>
      <points>
        <point>402,1879</point>
        <point>399,1872</point>
        <point>416,1866</point>
        <point>418,1874</point>
        <point>402,1879</point>
      </points>
    </object>
    <object>
      <coordinate>pixel</coordinate>
      <type>rectangle</type>
      <description>None</description>
      <possibleresult>
        <name>small-vehicle</name>
        <probability>0</probability>
      </possibleresult>
      <points>
        <point>319,1557</point>
        <point>327,1560</point>
        <point>318,1576</point>
        <point>310,1573</point>
        <point>319,1557</point>
      </points>
    </object>
    <object>
      <coordinate>pixel</coordinate>
      <type>rectangle</type>
      <description>None</description>
      <possibleresult>
        <name>small-vehicle</name>
        <probability>1</probability>
      </possibleresult>
      <points>
        <point>344,1565</point>
        <point>351,1569</point>
        <point>345,1584</point>
        <point>338,1581</point>
        <point>344,1565</point>
      </points>
    </object>
    <object>
      <coordinate>pixel</coordinate>
      <type>rectangle</type>
      <description>None</description>
      <possibleresult>
        <name>small-vehicle</name>
        <probability>0</probability>
      </possibleresult>
      <points>
        <point>42,1845</point>
        <point>44,1837</point>
        <point>63,1843</point>
        <point>61,1851</point>
        <point>42,1845</point>
      </points>
    </object>
    <object>
      <coordinate>pixel</coordinate>
      <type>rectangle</type>
      <description>None</description>
      <possibleresult>
        <name>small-vehicle</name>
        <probability>1</probability>
      </possibleresult>
      <points>
        <point>106,1815</point>
        <point>108,1807</point>
        <point>129,1810</point>
        <point>128,1817</point>
        <point>106,1815</point>
      </points>
    </object>
    <object>
      <coordinate>pixel</coordinate>
      <type>rectangle</type>
      <description>None</description>
      <possibleresult>
        <name>small-vehicle</name>
        <probability>1</probability>
      </possibleresult>
      <points>
        <point>281,1682</point>
        <point>273,1677</point>
        <point>281,1665</point>
        <point>287,1668</point>
        <point>281,1682</point>
      </points>
    </object>
    <object>
      <coordinate>pixel</coordinate>
      <type>rectangle</type>
      <description>None</description>
      <possibleresult>
        <name>small-vehicle</name>
        <probability>1</probability>
      </possibleresult>
      <points>
        <point>1245,2689</point>
        <point>1254,2692</point>
        <point>1248,2709</point>
        <point>1239,2704</point>
        <point>1245,2689</point>
      </points>
    </object>
    <object>
      <coordinate>pixel</coordinate>
      <type>rectangle</type>
      <description>None</description>
      <possibleresult>
        <name>small-vehicle</name>
        <probability>0</probability>
      </possibleresult>
      <points>
        <point>1076,2972</point>
        <point>1082,2976</point>
        <point>1072,2991</point>
        <point>1065,2985</point>
        <point>1076,2972</point>
      </points>
    </object>
    <object>
      <coordinate>pixel</coordinate>
      <type>rectangle</type>
      <description>None</description>
      <possibleresult>
        <name>small-vehicle</name>
        <probability>0</probability>
      </possibleresult>
      <points>
        <point>1127,2994</point>
        <point>1133,2999</point>
        <point>1124,3013</point>
        <point>1117,3007</point>
        <point>1127,2994</point>
      </points>
    </object>
    <object>
      <coordinate>pixel</coordinate>
      <type>rectangle</type>
      <description>None</description>
      <possibleresult>
        <name>small-vehicle</name>
        <probability>0</probability>
      </possibleresult>
      <points>
        <point>1093,2995</point>
        <point>1102,3000</point>
        <point>1092,3017</point>
        <point>1083,3010</point>
        <point>1093,2995</point>
      </points>
    </object>
    <object>
      <coordinate>pixel</coordinate>
      <type>rectangle</type>
      <description>None</description>
      <possibleresult>
        <name>small-vehicle</name>
        <probability>0</probability>
      </possibleresult>
      <points>
        <point>1014,3064</point>
        <point>1022,3071</point>
        <point>1010,3084</point>
        <point>1003,3075</point>
        <point>1014,3064</point>
      </points>
    </object>
    <object>
      <coordinate>pixel</coordinate>
      <type>rectangle</type>
      <description>None</description>
      <possibleresult>
        <name>small-vehicle</name>
        <probability>1</probability>
      </possibleresult>
      <points>
        <point>803,3179</point>
        <point>800,3187</point>
        <point>783,3180</point>
        <point>787,3172</point>
        <point>803,3179</point>
      </points>
    </object>
    <object>
      <coordinate>pixel</coordinate>
      <type>rectangle</type>
      <description>None</description>
      <possibleresult>
        <name>small-vehicle</name>
        <probability>1</probability>
      </possibleresult>
      <points>
        <point>926,3136</point>
        <point>930,3142</point>
        <point>914,3151</point>
        <point>910,3143</point>
        <point>926,3136</point>
      </points>
    </object>
    <object>
      <coordinate>pixel</coordinate>
      <type>rectangle</type>
      <description>None</description>
      <possibleresult>
        <name>large-vehicle</name>
        <probability>0</probability>
      </possibleresult>
      <points>
        <point>190,2701</point>
        <point>199,2698</point>
        <point>203,2723</point>
        <point>194,2724</point>
        <point>190,2701</point>
      </points>
    </object>
    <object>
      <coordinate>pixel</coordinate>
      <type>rectangle</type>
      <description>None</description>
      <possibleresult>
        <name>small-vehicle</name>
        <probability>0</probability>
      </possibleresult>
      <points>
        <point>225,2610</point>
        <point>231,2609</point>
        <point>234,2626</point>
        <point>227,2628</point>
        <point>225,2610</point>
      </points>
    </object>
    <object>
      <coordinate>pixel</coordinate>
      <type>rectangle</type>
      <description>None</description>
      <possibleresult>
        <name>small-vehicle</name>
        <probability>1</probability>
      </possibleresult>
      <points>
        <point>220,2654</point>
        <point>228,2652</point>
        <point>230,2670</point>
        <point>222,2672</point>
        <point>220,2654</point>
      </points>
    </object>
    <object>
      <coordinate>pixel</coordinate>
      <type>rectangle</type>
      <description>None</description>
      <possibleresult>
        <name>large-vehicle</name>
        <probability>0</probability>
      </possibleresult>
      <points>
        <point>1434,1943</point>
        <point>1442,1941</point>
        <point>1445,1958</point>
        <point>1436,1959</point>
        <point>1434,1943</point>
      </points>
    </object>
    <object>
      <coordinate>pixel</coordinate>
      <type>rectangle</type>
      <description>None</description>
      <possibleresult>
        <name>small-vehicle</name>
        <probability>1</probability>
      </possibleresult>
      <points>
        <point>1153,1771</point>
        <point>1161,1766</point>
        <point>1170,1779</point>
        <point>1162,1783</point>
        <point>1153,1771</point>
      </points>
    </object>
    <object>
      <coordinate>pixel</coordinate>
      <type>rectangle</type>
      <description>None</description>
      <possibleresult>
        <name>small-vehicle</name>
        <probability>1</probability>
      </possibleresult>
      <points>
        <point>1497,2068</point>
        <point>1507,2070</point>
        <point>1503,2086</point>
        <point>1495,2083</point>
        <point>1497,2068</point>
      </points>
    </object>
    <object>
      <coordinate>pixel</coordinate>
      <type>rectangle</type>
      <description>None</description>
      <possibleresult>
        <name>plane</name>
        <probability>0</probability>
      </possibleresult>
      <points>
        <point>631,4431</point>
        <point>678,4322</point>
        <point>813,4368</point>
        <point>755,4485</point>
        <point>631,4431</point>
      </points>
    </object>
  </objects>
</annotation>
